Shape_3d_Elongation,Shape_3d_Flatness,Shape_3d_LeastAxisLength,Shape_3d_MajorAxisLength,Shape_3d_Maximum2DDiameterColumn,Shape_3d_Maximum2DDiameterRow,Shape_3d_Maximum2DDiameterSlice,Shape_3d_Maximum3DDiameter,Shape_3d_MeshVolume,Shape_3d_MinorAxisLength,Shape_3d_Sphericity,Shape_3d_SurfaceArea,Shape_3d_VoxelVolume,mni_Frontal.Lobe,mni_Insula,mni_Occipital.Lobe,mni_Parietal.Lobe,mni_Temporal.Lobe,mni_Thalamus,age
0.766188317431263,0.608428188409097,42.1137616612725,70.8571134404321,72.4900019302179,80.9922956687221,75.756429359526,87.2499450993372,118082.582129757,53.3208655141992,0.59353636600865,19775.7542418452,118170.187070151,13.1625928473177,1.67656176066025,1.39905460797799,6.82755116918845,8.67127744154058,1.8091341127923,53.1538927097662
